<?xml version="1.0" encoding="UTF-8"?>
<ApexPage xmlns="http://soap.sforce.com/2006/04/metadata">
    <apiVersion>42.0</apiVersion>
    <availableInTouch>true</availableInTouch>
    <confirmationTokenRequired>false</confirmationTokenRequired>
    <description>This is a simplified version of lead entry page for ES.</description>
    <label>LeadEntry</label>
    <packageVersions>
        <majorNumber>9</majorNumber>
        <minorNumber>5</minorNumber>
        <namespace>pca</namespace>
    </packageVersions>
</ApexPage>
