<?xml version="1.0" encoding="UTF-8"?>
<ApexPage xmlns="http://soap.sforce.com/2006/04/metadata">
    <apiVersion>39.0</apiVersion>
    <availableInTouch>true</availableInTouch>
    <confirmationTokenRequired>false</confirmationTokenRequired>
    <description>Page to integrate Egnyte</description>
    <label>Work Order View</label>
    <packageVersions>
        <majorNumber>2</majorNumber>
        <minorNumber>6</minorNumber>
        <namespace>efs</namespace>
    </packageVersions>
</ApexPage>
